{
	"serverResponse": [
		409.40000009536743, 405.59999990463257, 410.09999990463257
	],
	"firstPaint": [ 438.59999990463257, 447.3999996185303, 449.59999990463257 ],
	"domContentLoaded": [ 676, 690.0999999046326, 693 ],
	"loaded": [ 1405.6999998092651, 1400.3999996185303, 1425.9000000953674 ],
	"firstContentfulPaint": [
		903.2999997138977, 921.0999999046326, 925.2999997138977
	],
	"firstBlock": [
		3166.7999997138977, 3206.5999999046326, 3238.4000000953674
	],
	"type": [
		81.45900000000002, 37.088, 36.051, 38.596000000000004, 49.931, 40.322,
		38.99999999999999, 34.235, 33.608999999999995, 32.88399999999999, 30.44,
		37.113, 31.534999999999997, 33.792, 36.942, 35.251000000000005, 33.722,
		33.471999999999994, 35.26499999999999, 29.682, 30.173,
		30.674999999999997, 35.668000000000006, 38.278, 37.62, 37.562, 38.091,
		32.237, 28.119999999999997, 31.342, 39.89, 37.443, 37.761, 40.262,
		37.922, 30.727, 30.955000000000002, 36.53000000000001, 32.293, 37.299,
		38.55800000000001, 39.85699999999999, 33.721999999999994, 30.139,
		29.294, 31.016, 35.7, 36.839, 31.061000000000003, 29.540000000000003,
		48.998999999999995, 35.423, 33.650000000000006, 29.404999999999998,
		32.744, 30.584999999999997, 30.705, 31.873, 28.907, 30.516, 30.882,
		29.257, 29.794, 31.150000000000002, 32.095, 31.066000000000003, 32.872,
		31.894, 31.331, 31.796, 31.675, 30.427999999999997, 30.872, 30.974,
		32.707, 31.849999999999998, 28.935, 28.441000000000003,
		30.566000000000003, 29.014, 33.158, 32.272, 28.990000000000002, 28.76,
		28.967000000000002, 29.418, 28.503, 31.255000000000003, 28.703,
		30.369000000000003, 34.910000000000004, 31.03, 28.523,
		32.361999999999995, 33.870000000000005, 30.11, 30.944000000000003,
		28.601, 30.572999999999997, 33.216, 30.822, 28.892000000000003,
		32.95099999999999, 31.228, 28.251, 34.89, 30.131000000000004, 29.395,
		31.557000000000002, 28.137, 32.051, 38.242, 36.382999999999996, 35.037,
		36.2, 31.717999999999996, 28.927999999999997, 32.540000000000006,
		35.448, 28.292, 35.059999999999995, 31.345000000000002, 36.122, 31.69,
		28.492, 29.308, 30.793000000000003, 28.784000000000002,
		28.275999999999996, 36.577999999999996, 30.220000000000002, 35.832,
		31.192, 36.102999999999994, 30.733999999999998, 30.574,
		35.455999999999996, 29.963, 37.967, 29.323999999999998, 36.643,
		31.200000000000003, 36.864999999999995, 32.344, 30.321, 29.214, 28.627,
		29.71, 29.006, 36.067, 29.583, 29.562, 37.795, 30.166999999999998,
		30.811999999999998, 33.319, 32.939, 39.233999999999995, 28.856,
		34.81700000000001, 30.324, 33.611000000000004, 33.707,
		30.191000000000003, 29.191, 29.23, 30.715, 29.281, 28.168,
		33.449000000000005, 36.36600000000001, 29.086, 30.589, 29.13, 28.789,
		29.156000000000002, 43.327, 34.439, 28.777, 30.586, 28.973000000000003,
		30.026, 40.023, 30.203, 28.328000000000003, 30.825000000000003, 29.739,
		31.504, 43.708000000000006, 29.296999999999997, 32.294, 31.733, 30.44,
		28.879, 30.349999999999998, 29.466, 29.302999999999997, 30,
		29.468999999999998, 28.740000000000002
	],
	"typeContainer": [],
	"focus": [],
	"inserterOpen": [],
	"inserterHover": [],
	"inserterSearch": [],
	"listViewOpen": []
}
